동별(1),동별(2),행정동,면적,구성비 (%),행정,법정,소계,소계
서울시,소계,소계,605.20,100.00,426,467,12926,96663
서울시,종로구,소계,23.91,3.95,17,87,279,1475
서울시,종로구,사직동,1.23,0.20,1,12,16,68
서울시,종로구,삼청동,1.49,0.25,1,7,10,42
서울시,종로구,부암동,2.27,0.38,1,3,18,98
서울시,종로구,평창동,8.87,1.47,1,2,19,147
서울시,종로구,무악동,0.36,0.06,1,1,12,71
서울시,종로구,교남동,0.35,0.06,1,6,18,96
서울시,종로구,가회동,0.54,0.09,1,4,11,57
서울시,종로구,종로1.2.3.4가동,2.35,0.39,1,28,21,67
서울시,종로구,종로5.6가동,0.60,0.10,1,5,16,65
서울시,종로구,이화동,0.78,0.13,1,3,14,89
서울시,종로구,혜화동,1.12,0.19,1,5,29,188
서울시,종로구,창신1동,0.31,0.05,1,1,13,67
서울시,종로구,창신2동,0.26,0.04,1,-,19,105
서울시,종로구,창신3동,0.23,0.04,1,-,14,75
서울시,종로구,숭인1동,0.23,0.04,1,1,11,66
서울시,종로구,숭인2동,0.35,0.06,1,-,16,80
서울시,종로구,청운효자동,2.57,0.42,1,9,22,94
서울시,중구,소계,9.96,1.65,15,74,256,1568
서울시,중구,소공동,0.95,0.16,1,11,6,30
서울시,중구,회현동,0.84,0.14,1,7,16,98
서울시,중구,명동,0.99,0.16,1,18,10,41
서울시,중구,필동,1.14,0.19,1,7,12,65
서울시,중구,장충동,1.36,0.22,1,3,9,48
서울시,중구,광희동,0.74,0.12,1,10,14,108
서울시,중구,을지로동,0.60,0.10,1,10,13,71
서울시,중구,신당5동,0.39,0.06,1,-,22,134
서울시,중구,황학동,0.33,0.05,1,1,26,157
서울시,중구,중림동,0.48,0.08,1,4,20,109
서울시,중구,신당동,0.55,0.09,1,3,19,98
서울시,중구,다산동,0.51,0.08,1,-,20,125
서울시,중구,약수동,0.48,0.08,1,-,31,201
서울시,중구,청구동,0.34,0.06,1,-,20,165
서울시,중구,동화동,0.26,0.04,1,-,18,118
서울시,용산구,소계,21.87,3.61,16,36,357,2599
서울시,용산구,후암동,0.86,0.14,1,1,23,179
서울시,용산구,용산2가동,1.96,0.32,1,2,20,127
서울시,용산구,남영동,1.19,0.20,1,4,13,94
서울시,용산구,원효로2동,0.71,0.12,1,5,22,148
서울시,용산구,효창동,0.44,0.07,1,1,13,97
서울시,용산구,용문동,0.28,0.05,1,2,17,121
서울시,용산구,이촌1동,2.86,0.47,1,1,33,248
서울시,용산구,이촌2동,1.22,0.20,1,-,14,96
서울시,용산구,이태원1동,0.57,0.09,1,1,15,102
서울시,용산구,이태원2동,0.86,0.14,1,-,17,131
서울시,용산구,서빙고동,2.80,0.46,1,4,15,137
서울시,용산구,보광동,0.71,0.12,1,1,25,198
서울시,용산구,청파동,0.91,0.15,1,4,31,247
서울시,용산구,원효로1동,0.59,0.10,1,4,21,134
서울시,용산구,한강로동,2.90,0.48,1,5,40,258
서울시,용산구,한남동,3.01,0.50,1,1,38,282
서울시,성동구,소계,16.82,2.78,17,17,471,3645
서울시,성동구,왕십리2동,0.41,0.07,1,1,24,189
서울시,성동구,마장동,1.05,0.17,1,1,35,274
서울시,성동구,사근동,1.10,0.18,1,1,23,175
서울시,성동구,행당1동,0.59,0.10,1,1,26,182
서울시,성동구,행당2동,0.42,0.07,1,-,27,160
서울시,성동구,응봉동,0.57,0.09,1,1,21,177
서울시,성동구,금호1가동,0.46,0.08,1,1,25,182
서울시,성동구,금호4가동,0.84,0.14,1,1,22,176
서울시,성동구,성수1가1동,1.97,0.33,1,1,29,243
서울시,성동구,성수1가2동,0.89,0.15,1,-,23,181
서울시,성동구,성수2가1동,1.17,0.19,1,1,34,277
서울시,성동구,성수2가3동,1.03,0.17,1,-,23,158
서울시,성동구,송정동,0.75,0.12,1,1,23,171
서울시,성동구,용답동,2.31,0.38,1,1,27,231
서울시,성동구,왕십리도선동,0.72,0.12,1,3,36,266
서울시,성동구,금호2.3가동,0.64,0.11,1,2,34,291
서울시,성동구,옥수동,1.94,0.32,1,1,39,312
서울시,광진구,소계,17.06,2.82,15,7,370,3012
서울시,광진구,화양동,1.16,0.19,1,1,32,245
서울시,광진구,군자동,0.74,0.12,1,1,28,226
서울시,광진구,중곡1동,0.62,0.10,1,1,18,144
서울시,광진구,중곡2동,0.55,0.09,1,-,21,173
서울시,광진구,중곡3동,0.60,0.10,1,-,21,169
서울시,광진구,중곡4동,2.32,0.38,1,-,28,216
서울시,광진구,능동,1.10,0.18,1,1,12,84
서울시,광진구,구의1동,0.56,0.09,1,1,27,217
서울시,광진구,구의2동,1.39,0.23,1,-,21,185
서울시,광진구,구의3동,1.02,0.17,1,-,30,218
서울시,광진구,광장동,2.39,0.39,1,1,29,304
서울시,광진구,자양1동,0.57,0.09,1,1,26,213
서울시,광진구,자양2동,1.68,0.28,1,-,26,213
서울시,광진구,자양3동,1.20,0.20,1,-,25,244
서울시,광진구,자양4동,1.16,0.19,1,-,26,161
서울시,동대문구,소계,14.22,2.35,14,10,363,2657
서울시,동대문구,회기동,0.76,0.13,1,1,10,90
서울시,동대문구,휘경1동,0.63,0.10,1,1,18,146
서울시,동대문구,휘경2동,1.05,0.17,1,-,20,148
서울시,동대문구,청량리동,1.20,0.20,1,1,25,191
서울시,동대문구,용신동,1.61,0.27,1,2,36,252
서울시,동대문구,제기동,1.18,0.19,1,1,29,202
서울시,동대문구,전농1동,1.19,0.20,1,1,37,269
서울시,동대문구,전농2동,0.86,0.14,1,-,21,148
서울시,동대문구,답십리1동,0.81,0.13,1,1,28,202
서울시,동대문구,답십리2동,0.85,0.14,1,-,28,210
서울시,동대문구,장안1동,1.25,0.21,1,1,32,222
서울시,동대문구,장안2동,1.09,0.18,1,-,27,200
서울시,동대문구,이문1동,1.04,0.17,1,1,32,210
서울시,동대문구,이문2동,0.69,0.11,1,-,20,167
서울시,중랑구,소계,18.50,3.06,16,6,558,4267
서울시,중랑구,면목2동,0.77,0.13,1,-,36,258
서울시,중랑구,면목4동,0.87,0.14,1,-,32,232
서울시,중랑구,면목5동,0.70,0.12,1,-,18,130
서울시,중랑구,면목7동,1.20,0.20,1,-,34,249
서울시,중랑구,상봉1동,0.88,0.15,1,1,32,251
서울시,중랑구,상봉2동,0.65,0.11,1,-,27,189
서울시,중랑구,중화1동,0.64,0.11,1,1,26,195
서울시,중랑구,중화2동,1.01,0.17,1,-,44,333
서울시,중랑구,묵1동,1.20,0.20,1,1,37,317
서울시,중랑구,묵2동,0.67,0.11,1,-,26,207
서울시,중랑구,망우3동,0.92,0.15,1,-,25,182
서울시,중랑구,신내1동,2.56,0.42,1,1,43,330
서울시,중랑구,신내2동,0.93,0.15,1,-,37,259
서울시,중랑구,면목본동,0.84,0.14,1,1,49,390
서울시,중랑구,면목3.8동,1.63,0.27,1,-,38,294
서울시,중랑구,망우본동,3.03,0.50,1,1,54,451
서울시,성북구,소계,24.58,4.06,20,39,468,3668
서울시,성북구,돈암1동,0.49,0.08,1,4,18,140
서울시,성북구,돈암2동,0.48,0.08,1,6,19,142
서울시,성북구,안암동,1.33,0.22,1,8,22,155
서울시,성북구,보문동,0.56,0.09,1,1,20,129
서울시,성북구,정릉1동,0.44,0.07,1,-,16,114
서울시,성북구,정릉2동,1.17,0.19,1,5,22,167
서울시,성북구,정릉3동,3.71,0.61,1,7,24,170
서울시,성북구,정릉4동,3.13,0.52,1,1,24,216
서울시,성북구,길음1동,0.79,0.13,1,-,23,205
서울시,성북구,길음2동,0.58,0.10,1,-,20,161
서울시,성북구,월곡1동,0.81,0.13,1,-,22,229
서울시,성북구,월곡2동,1.36,0.22,1,1,19,157
서울시,성북구,장위1동,0.70,0.12,1,-,29,232
서울시,성북구,장위2동,0.67,0.11,1,1,23,199
서울시,성북구,장위3동,0.65,0.11,1,1,24,131
서울시,성북구,성북동,2.86,0.47,1,2,21,178
서울시,성북구,삼선동,0.92,0.15,1,1,26,194
서울시,성북구,동선동,0.73,0.12,1,-,19,130
서울시,성북구,종암동,1.46,0.24,1,-,34,267
서울시,성북구,석관동,1.73,0.29,1,1,43,352
서울시,강북구,소계,23.60,3.90,13,4,390,3395
서울시,강북구,번1동,0.66,0.11,1,1,27,240
서울시,강북구,번2동,0.95,0.16,1,-,25,214
서울시,강북구,번3동,1.10,0.18,1,-,24,233
서울시,강북구,수유1동,1.67,0.28,1,1,26,220
서울시,강북구,수유2동,0.57,0.09,1,-,24,215
서울시,강북구,수유3동,0.72,0.12,1,-,30,248
서울시,강북구,삼양동,0.91,0.15,1,-,37,330
서울시,강북구,미아동,0.93,0.15,1,1,27,240
서울시,강북구,송중동,1.01,0.17,1,-,41,358
서울시,강북구,송천동,0.90,0.15,1,-,42,350
서울시,강북구,삼각산동,0.62,0.10,1,-,31,259
서울시,강북구,우이동,10.28,1.70,1,1,24,211
서울시,강북구,인수동,3.28,0.54,1,-,32,277
서울시,도봉구,소계,20.65,3.41,14,4,397,3005
서울시,도봉구,쌍문1동,1.24,0.20,1,1,26,198
서울시,도봉구,쌍문2동,0.54,0.09,1,-,22,183
서울시,도봉구,쌍문3동,0.50,0.08,1,-,20,138
서울시,도봉구,쌍문4동,0.52,0.09,1,-,23,167
서울시,도봉구,방학1동,0.69,0.11,1,1,37,274
서울시,도봉구,방학2동,0.74,0.12,1,-,28,211
서울시,도봉구,방학3동,2.62,0.43,1,-,33,250
서울시,도봉구,창1동,0.88,0.15,1,1,30,217
서울시,도봉구,창2동,1.05,0.17,1,-,32,234
서울시,도봉구,창3동,0.67,0.11,1,-,19,141
서울시,도봉구,창4동,0.95,0.16,1,-,35,252
서울시,도봉구,창5동,0.70,0.12,1,-,26,220
서울시,도봉구,도봉1동,8.72,1.44,1,1,29,202
서울시,도봉구,도봉2동,0.83,0.14,1,-,37,318
서울시,노원구,소계,35.44,5.86,19,5,727,5878
서울시,노원구,월계1동,1.16,0.19,1,1,31,221
서울시,노원구,월계2동,1.94,0.32,1,-,47,347
서울시,노원구,월계3동,1.17,0.19,1,-,49,435
서울시,노원구,공릉2동,6.82,1.13,1,-,46,392
서울시,노원구,하계1동,1.55,0.26,1,1,42,310
서울시,노원구,하계2동,0.51,0.08,1,-,27,219
서울시,노원구,중계본동,1.97,0.33,1,-,33,279
서울시,노원구,중계1동,0.63,0.10,1,1,28,237
서울시,노원구,중계4동,1.70,0.28,1,-,26,229
서울시,노원구,상계1동,5.62,0.93,1,1,47,377
서울시,노원구,상계2동,0.61,0.10,1,-,28,206
서울시,노원구,상계5동,1.01,0.17,1,-,37,304
서울시,노원구,상계8동,0.67,0.11,1,-,28,226
서울시,노원구,상계9동,0.81,0.13,1,-,27,258
서울시,노원구,상계10동,0.80,0.13,1,-,26,218
서울시,노원구,상계3.4동,5.05,0.83,1,-,53,391
서울시,노원구,상계6.7동,1.11,0.18,1,-,49,405
서울시,노원구,중계2.3동,0.90,0.15,1,-,51,416
서울시,노원구,공릉1동,1.41,0.23,1,1,52,408
서울시,은평구,소계,29.71,4.91,16,11,574,4246
서울시,은평구,녹번동,1.79,0.30,1,1,37,296
서울시,은평구,불광1동,3.13,0.52,1,1,50,370
서울시,은평구,갈현1동,0.97,0.16,1,1,27,233
서울시,은평구,갈현2동,0.96,0.16,1,-,31,199
서울시,은평구,구산동,1.38,0.23,1,1,34,256
서울시,은평구,대조동,0.85,0.14,1,1,36,264
서울시,은평구,응암1동,1.20,0.20,1,1,33,239
서울시,은평구,응암2동,0.78,0.13,1,-,37,240
서울시,은평구,신사1동,0.84,0.14,1,1,29,224
서울시,은평구,신사2동,1.00,0.17,1,-,28,199
서울시,은평구,증산동,0.81,0.13,1,1,28,206
서울시,은평구,수색동,1.29,0.21,1,1,28,215
서울시,은평구,진관동,11.53,1.91,1,1,55,447
서울시,은평구,불광2동,1.38,0.23,1,-,34,254
서울시,은평구,응암3동,0.63,0.10,1,-,37,248
서울시,은평구,역촌동,1.16,0.19,1,1,50,356
서울시,서대문구,소계,17.63,2.91,14,20,514,3493
서울시,서대문구,천연동,0.97,0.16,1,5,32,218
서울시,서대문구,홍제1동,1.23,0.20,1,1,47,277
서울시,서대문구,홍제2동,1.05,0.17,1,-,24,184
서울시,서대문구,홍제3동,0.81,0.13,1,-,36,223
서울시,서대문구,홍은1동,1.58,0.26,1,1,51,313
서울시,서대문구,홍은2동,2.06,0.34,1,-,39,328
서울시,서대문구,남가좌1동,0.51,0.08,1,1,24,143
서울시,서대문구,남가좌2동,0.77,0.13,1,-,40,281
서울시,서대문구,북가좌1동,0.55,0.09,1,1,22,170
서울시,서대문구,북가좌2동,0.84,0.14,1,-,42,326
서울시,서대문구,충현동,1.12,0.19,1,5,38,220
서울시,서대문구,북아현동,0.46,0.08,1,-,25,174
서울시,서대문구,신촌동,2.63,0.43,1,5,37,211
서울시,서대문구,연희동,3.05,0.50,1,1,57,425
서울시,마포구,소계,23.85,3.94,16,26,418,3284
서울시,마포구,용강동,0.84,0.14,1,2,20,204
서울시,마포구,대흥동,0.88,0.15,1,2,22,152
서울시,마포구,염리동,0.43,0.07,1,1,19,144
서울시,마포구,신수동,0.78,0.13,1,4,22,172
서울시,마포구,서교동,1.65,0.27,1,2,38,282
서울시,마포구,합정동,1.69,0.28,1,1,23,184
서울시,마포구,망원1동,1.14,0.19,1,1,24,204
서울시,마포구,망원2동,0.67,0.11,1,-,21,194
서울시,마포구,연남동,0.65,0.11,1,1,22,168
서울시,마포구,성산1동,0.80,0.13,1,1,21,147
서울시,마포구,성산2동,2.07,0.34,1,1,38,306
서울시,마포구,상암동,8.40,1.39,1,1,28,216
서울시,마포구,도화동,0.62,0.10,1,2,21,200
서울시,마포구,서강동,1.45,0.24,1,4,30,226
서울시,마포구,공덕동,1.01,0.17,1,1,43,301
서울시,마포구,아현동,0.76,0.13,1,2,26,184
서울시,양천구,소계,17.41,2.88,18,3,565,4582
서울시,양천구,목1동,1.41,0.23,1,1,33,284
서울시,양천구,목2동,1.03,0.17,1,-,33,247
서울시,양천구,목3동,0.53,0.09,1,-,27,224
서울시,양천구,목4동,0.57,0.09,1,-,27,225
서울시,양천구,목5동,1.81,0.30,1,-,48,369
서울시,양천구,신월1동,0.65,0.11,1,1,29,222
서울시,양천구,신월2동,0.61,0.10,1,-,26,218
서울시,양천구,신월3동,0.87,0.14,1,-,24,195
서울시,양천구,신월4동,0.52,0.09,1,-,19,152
서울시,양천구,신월5동,0.69,0.11,1,-,18,148
서울시,양천구,신월6동,0.41,0.07,1,-,19,155
서울시,양천구,신월7동,1.19,0.20,1,-,34,257
서울시,양천구,신정1동,0.70,0.12,1,1,26,213
서울시,양천구,신정2동,0.52,0.09,1,-,22,187
서울시,양천구,신정4동,1.01,0.17,1,-,41,331
서울시,양천구,신정3동,2.72,0.45,1,-,74,574
서울시,양천구,신정6동,0.96,0.16,1,-,29,235
서울시,양천구,신정7동,1.21,0.20,1,-,36,346
서울시,강서구,소계,41.45,6.85,20,13,646,5087
서울시,강서구,염창동,1.74,0.29,1,1,36,361
서울시,강서구,등촌1동,0.64,0.11,1,1,24,183
서울시,강서구,등촌2동,0.92,0.15,1,-,20,148
서울시,강서구,등촌3동,0.79,0.13,1,-,46,379
서울시,강서구,화곡본동,0.98,0.16,1,1,37,261
서울시,강서구,화곡2동,0.45,0.07,1,-,21,158
서울시,강서구,화곡3동,0.53,0.09,1,-,22,161
서울시,강서구,화곡4동,0.82,0.14,1,-,24,169
서울시,강서구,화곡6동,1.11,0.18,1,-,25,176
서울시,강서구,화곡8동,0.53,0.09,1,-,24,169
서울시,강서구,가양1동,4.70,0.78,1,2,39,352
서울시,강서구,가양2동,1.00,0.17,1,-,26,194
서울시,강서구,가양3동,0.50,0.08,1,-,24,183
서울시,강서구,발산1동,2.94,0.49,1,1,31,262
서울시,강서구,공항동,10.87,1.80,1,4,32,260
서울시,강서구,방화1동,1.48,0.24,1,1,44,358
서울시,강서구,방화2동,6.41,1.06,1,1,33,266
서울시,강서구,방화3동,2.55,0.42,1,-,38,284
서울시,강서구,화곡1동,1.12,0.19,1,-,53,406
서울시,강서구,우장산동,1.36,0.22,1,1,47,357
서울시,구로구,소계,20.12,3.32,16,10,629,4929
서울시,구로구,신도림동,1.47,0.24,1,1,42,357
서울시,구로구,구로1동,1.02,0.17,1,1,34,179
서울시,구로구,구로2동,1.76,0.29,1,-,59,483
서울시,구로구,구로3동,1.02,0.17,1,-,37,293
서울시,구로구,구로4동,0.46,0.08,1,-,52,374
서울시,구로구,구로5동,1.03,0.17,1,-,41,356
서울시,구로구,고척1동,1.16,0.19,1,1,39,294
서울시,구로구,고척2동,1.02,0.17,1,-,35,299
서울시,구로구,개봉2동,0.80,0.13,1,-,39,305
서울시,구로구,개봉3동,0.81,0.13,1,-,29,224
서울시,구로구,오류1동,0.59,0.10,1,1,36,257
서울시,구로구,오류2동,3.20,0.53,1,1,46,383
서울시,구로구,수궁동,2.67,0.44,1,2,32,283
서울시,구로구,가리봉동,0.40,0.07,1,1,39,297
서울시,구로구,개봉1동,1.31,0.22,1,1,50,404
서울시,구로구,항동,1.40,0.23,1,1,19,141
서울시,금천구,소계,13.02,2.15,10,3,386,2912
서울시,금천구,가산동,2.52,0.42,1,1,33,258
서울시,금천구,독산1동,2.09,0.35,1,1,60,377
서울시,금천구,독산2동,0.60,0.10,1,-,33,249
서울시,금천구,독산3동,0.92,0.15,1,-,46,359
서울시,금천구,독산4동,0.59,0.10,1,-,28,215
서울시,금천구,시흥1동,1.71,0.28,1,1,56,514
서울시,금천구,시흥2동,1.26,0.21,1,-,33,225
서울시,금천구,시흥3동,1.07,0.18,1,-,22,176
서울시,금천구,시흥4동,0.87,0.14,1,-,34,247
서울시,금천구,시흥5동,1.39,0.23,1,-,41,292
서울시,영등포구,소계,24.55,4.06,18,34,591,4985
서울시,영등포구,여의동,8.40,1.39,1,1,47,394
서울시,영등포구,당산1동,0.75,0.12,1,3,33,260
서울시,영등포구,당산2동,1.55,0.26,1,4,38,352
서울시,영등포구,양평1동,0.88,0.15,1,4,25,226
서울시,영등포구,양평2동,3.00,0.50,1,4,31,254
서울시,영등포구,신길1동,0.66,0.11,1,1,35,296
서울시,영등포구,신길3동,0.52,0.09,1,-,30,253
서울시,영등포구,신길4동,0.38,0.06,1,-,22,186
서울시,영등포구,신길5동,0.47,0.08,1,-,27,230
서울시,영등포구,신길6동,0.65,0.11,1,-,31,247
서울시,영등포구,신길7동,0.64,0.11,1,-,26,190
서울시,영등포구,대림1동,0.49,0.08,1,1,26,231
서울시,영등포구,대림2동,0.55,0.09,1,-,31,272
서울시,영등포구,대림3동,0.95,0.16,1,-,39,336
서울시,영등포구,영등포본동,1.02,0.17,1,1,39,327
서울시,영등포구,영등포동,1.26,0.21,1,8,32,263
서울시,영등포구,도림동,0.89,0.15,1,1,37,299
서울시,영등포구,문래동,1.49,0.25,1,6,42,369
서울시,동작구,소계,16.36,2.70,15,9,526,3545
서울시,동작구,노량진2동,0.64,0.11,1,-,24,157
서울시,동작구,상도1동,1.51,0.25,1,2,45,360
서울시,동작구,상도2동,0.98,0.16,1,-,39,246
서울시,동작구,상도3동,0.60,0.10,1,-,27,165
서울시,동작구,상도4동,0.75,0.12,1,-,33,223
서울시,동작구,사당1동,0.79,0.13,1,-,32,203
서울시,동작구,사당3동,0.92,0.15,1,-,38,212
서울시,동작구,사당4동,0.38,0.06,1,-,22,143
서울시,동작구,사당5동,0.57,0.09,1,-,17,142
서울시,동작구,대방동,1.55,0.26,1,1,43,323
서울시,동작구,신대방1동,0.62,0.10,1,1,36,216
서울시,동작구,신대방2동,1.03,0.17,1,-,23,183
서울시,동작구,흑석동,1.68,0.28,1,1,59,354
서울시,동작구,노량진1동,1.58,0.26,1,2,47,330
서울시,동작구,사당2동,2.75,0.45,1,2,41,288
서울시,관악구,소계,29.57,4.89,21,3,634,5130
서울시,관악구,보라매동,0.76,0.13,1,1,29,247
서울시,관악구,청림동,0.30,0.05,1,-,24,185
서울시,관악구,행운동,0.72,0.12,1,-,37,286
서울시,관악구,낙성대동,2.27,0.38,1,-,20,151
서울시,관악구,중앙동,0.39,0.06,1,-,20,162
서울시,관악구,인헌동,1.08,0.18,1,-,28,256
서울시,관악구,남현동,3.27,0.54,1,1,17,143
서울시,관악구,서원동,0.65,0.11,1,-,24,177
서울시,관악구,신원동,0.55,0.09,1,1,23,179
서울시,관악구,서림동,0.99,0.16,1,-,30,231
서울시,관악구,신사동,0.64,0.11,1,-,30,222
서울시,관악구,신림동,0.54,0.09,1,-,23,191
서울시,관악구,난향동,0.80,0.13,1,-,25,197
서울시,관악구,조원동,0.67,0.11,1,-,26,217
서울시,관악구,대학동,8.30,1.37,1,-,32,244
서울시,관악구,은천동,0.78,0.13,1,-,48,450
서울시,관악구,성현동,0.68,0.11,1,-,45,333
서울시,관악구,청룡동,1.18,0.19,1,-,34,339
서울시,관악구,난곡동,0.96,0.16,1,-,39,334
서울시,관악구,삼성동,2.66,0.44,1,-,38,297
서울시,관악구,미성동,1.38,0.23,1,-,42,289
서울시,서초구,소계,46.97,7.76,18,10,562,3822
서울시,서초구,서초1동,1.42,0.23,1,-,25,204
서울시,서초구,서초2동,1.24,0.20,1,-,34,287
서울시,서초구,서초3동,2.93,0.48,1,2,42,319
서울시,서초구,서초4동,0.88,0.15,1,-,31,193
서울시,서초구,잠원동,1.76,0.29,1,1,47,386
서울시,서초구,반포본동,1.01,0.17,1,-,15,103
서울시,서초구,반포1동,1.00,0.17,1,-,29,174
서울시,서초구,반포2동,1.35,0.22,1,-,27,191
서울시,서초구,반포3동,1.28,0.21,1,1,30,205
서울시,서초구,반포4동,1.43,0.24,1,-,22,160
서울시,서초구,방배본동,0.67,0.11,1,-,23,195
서울시,서초구,방배1동,0.70,0.12,1,-,25,143
서울시,서초구,방배2동,1.93,0.32,1,-,44,292
서울시,서초구,방배3동,2.40,0.40,1,-,33,227
서울시,서초구,방배4동,0.98,0.16,1,-,32,178
서울시,서초구,양재1동,5.76,0.95,1,2,54,274
서울시,서초구,양재2동,7.58,1.25,1,1,23,135
서울시,서초구,내곡동,12.68,2.10,1,3,26,156
서울시,강남구,소계,39.50,6.53,22,14,860,5748
서울시,강남구,신사동,1.89,0.31,1,1,34,212
서울시,강남구,개포3동,1.24,0.20,1.00,-,27.00,192.00
서울시,강남구,논현1동,1.25,0.21,1,1,42,281
서울시,강남구,논현2동,1.47,0.24,1,-,40,278
서울시,강남구,삼성1동,1.94,0.32,1,1,23,149
서울시,강남구,삼성2동,1.24,0.20,1,-,45,283
서울시,강남구,대치1동,0.79,0.13,1,1,28,194
서울시,강남구,대치2동,2.00,0.33,1,-,54,361
서울시,강남구,대치4동,0.73,0.12,1,-,28,178
서울시,강남구,역삼1동,2.35,0.39,1,1,51,333
서울시,강남구,역삼2동,1.15,0.19,1,-,50,326
서울시,강남구,도곡1동,1.02,0.17,1,1,35,237
서울시,강남구,도곡2동,1.02,0.17,1,-,42,315
서울시,강남구,개포1동,1.27,0.21,1,1,40,314
서울시,강남구,개포2동,2.51,0.41,1,-,52,310
서울시,강남구,개포4동,1.49,0.25,1,-,35,249
서울시,강남구,일원본동,2.58,0.43,1,1,31,209
서울시,강남구,일원1동,0.92,0.15,1,-,27,176
서울시,강남구,수서동,1.43,0.24,1,1,27,193
서울시,강남구,세곡동,6.36,1.05,1,3,63,364
서울시,강남구,압구정동,2.53,0.42,1,1,38,253
서울시,강남구,청담동,2.33,0.38,1,1,48,341
서울시,송파구,소계,33.88,5.60,27,13,760,4248
서울시,송파구,풍납1동,0.77,0.13,1,1,22,111
서울시,송파구,풍납2동,1.59,0.26,1,-,30,168
서울시,송파구,거여1동,0.51,0.08,1,1,15,78
서울시,송파구,거여2동,0.53,0.09,1,-,30,155
서울시,송파구,마천1동,0.58,0.10,1,1,26,133
서울시,송파구,마천2동,0.89,0.15,1,-,26,147
서울시,송파구,방이1동,0.50,0.08,1,1,18,102
서울시,송파구,방이2동,0.80,0.13,1,-,35,204
서울시,송파구,오륜동,3.17,0.52,1,-,15,100
서울시,송파구,오금동,1.65,0.27,1,1,44,227
서울시,송파구,송파1동,0.79,0.13,1,1,31,181
서울시,송파구,송파2동,0.53,0.09,1,-,21,116
서울시,송파구,석촌동,0.95,0.16,1,1,40,240
서울시,송파구,삼전동,0.95,0.16,1,1,43,258
서울시,송파구,가락본동,1.13,0.19,1,1,28,155
서울시,송파구,가락1동,1.34,0.22,1,-,23,154
서울시,송파구,가락2동,0.96,0.16,1,-,32,193
서울시,송파구,문정1동,0.56,0.09,1,1,22,132
서울시,송파구,문정2동,2.20,0.36,1,-,36,183
서울시,송파구,장지동,1.37,0.23,1,1,34,204
서울시,송파구,위례동,2.55,0.42,1,-,37,138
서울시,송파구,잠실본동,0.94,0.16,1,1,39,234
서울시,송파구,잠실2동,2.18,0.36,1,-,26,156
서울시,송파구,잠실3동,1.49,0.25,1,-,33,186
서울시,송파구,잠실4동,1.56,0.26,1,1,24,138
서울시,송파구,잠실6동,2.79,0.46,1,-,20,103
서울시,송파구,잠실7동,0.60,0.10,1,-,10,52
서울시,강동구,소계,24.59,4.06,19,9,625,5483
서울시,강동구,명일1동,0.61,0.10,1,1,29,236
서울시,강동구,명일2동,0.97,0.16,1,-,26,209
서울시,강동구,고덕1동,1.51,0.25,1,1,31,275
서울시,강동구,고덕2동,2.50,0.41,1,-,33,304
서울시,강동구,암사1동,1.02,0.17,1,1,39,373
서울시,강동구,암사2동,1.18,0.19,1,-,21,166
서울시,강동구,암사3동,2.51,0.41,1,-,20,213
서울시,강동구,천호1동,0.71,0.12,1,1,38,327
서울시,강동구,천호2동,1.57,0.26,1,-,44,407
서울시,강동구,천호3동,0.79,0.13,1,-,32,291
서울시,강동구,성내1동,0.58,0.10,1,1,25,193
서울시,강동구,성내2동,0.67,0.11,1,-,39,371
서울시,강동구,성내3동,0.71,0.12,1,-,30,248
서울시,강동구,길동,1.61,0.27,1,1,65,552
서울시,강동구,둔촌1동,0.92,0.15,1,1,23,229
서울시,강동구,둔촌2동,1.56,0.26,1,-,29,262
서울시,강동구,강일동,2.26,0.37,1,1,40,317
서울시,강동구,상일1동,1.82,0.30,1,1,46,397
서울시,강동구,상일2동,1.09,0.18,1,-,15,113
