구,행정동,법정동
강남구,신사동,신사동
강남구,논현1동,논현동
강남구,논현2동,논현동
강남구,압구정동,압구정동
강남구,청담동,청담동
강남구,삼성1동,삼성동
강남구,삼성2동,삼성동
강남구,대치1동,대치동
강남구,대치2동,대치동
강남구,대치4동,대치동
강남구,역삼1동,역삼동
강남구,역삼2동,역삼동
강남구,도곡1동,도곡동
강남구,도곡2동,도곡동
강남구,개포1동,개포동
강남구,개포2동,개포동
강남구,개포3동,개포동
강남구,개포4동,개포동
강남구,일원본동,일원동
강남구,일원1동,일원동
강남구,수서동,수서동
강남구,세곡동,세곡동
강동구,강일동,강일동
강동구,상일1동,상일동
강동구,상일2동,상일동
강동구,명일1동,명일동
강동구,명일2동,명일동
강동구,고덕1동,고덕동
강동구,고덕2동,고덕동
강동구,암사1동,암사동
강동구,암사2동,암사동
강동구,암사3동,암사동
강동구,천호1동,천호동
강동구,천호2동,천호동
강동구,천호3동,천호동
강동구,성내1동,성내동
강동구,성내2동,성내동
강동구,성내3동,성내동
강동구,길동,길동
강동구,둔촌1동,둔촌동
강동구,둔촌2동,둔촌동
강북구,삼양동,미아동
강북구,미아동,미아동
강북구,송중동,미아동
강북구,송천동,미아동
강북구,삼각산동,미아동
강북구,번1동,번동
강북구,번2동,번동
강북구,번3동,번동
강북구,수유1동,수유동
강북구,수유2동,수유동
강북구,수유3동,수유동
강북구,우이동,우이동
강북구,인수동,수유동
강서구,염창동,염창동
강서구,등촌1동,등촌동
강서구,등촌2동,등촌동
강서구,등촌3동,등촌동
강서구,화곡본동,화곡동
강서구,화곡1동,화곡동
강서구,화곡2동,화곡동
강서구,화곡3동,화곡동
강서구,화곡4동,화곡동
강서구,화곡6동,화곡동
강서구,화곡8동,화곡동
강서구,우장산동,화곡동
강서구,가양1동,가양동
강서구,가양2동,가양동
강서구,가양3동,가양동
강서구,발산1동,내발산동
강서구,공항동,공항동
강서구,방화1동,방화동
강서구,방화2동,방화동
강서구,방화3동,방화동
관악구,은천동,봉천동
관악구,성현동,봉천동
관악구,청룡동,봉천동
관악구,보라매동,봉천동
관악구,청림동,봉천동
관악구,행운동,봉천동
관악구,낙성대동,봉천동
관악구,중앙동,봉천동
관악구,인헌동,봉천동
관악구,남현동,남현동
관악구,서원동,신림동
관악구,신원동,신림동
관악구,서림동,신림동
관악구,난곡동,신림동
관악구,신사동,신림동
관악구,신림동,신림동
관악구,삼성동,신림동
관악구,난향동,신림동
관악구,조원동,신림동
관악구,대학동,신림동
관악구,미성동,신림동
광진구,중곡1동,중곡동
광진구,중곡2동,중곡동
광진구,중곡3동,중곡동
광진구,중곡4동,중곡동
광진구,능동,능동
광진구,구의1동,구의동
광진구,구의2동,구의동
광진구,구의3동,구의동
광진구,광장동,광장동
광진구,자양1동,자양동
광진구,자양2동,자양동
광진구,자양3동,자양동
광진구,자양4동,자양동
광진구,화양동,화양동
광진구,군자동,군자동
구로구,신도림동,신도림동
구로구,구로1동,구로동
구로구,구로2동,구로동
구로구,구로3동,구로동
구로구,구로4동,구로동
구로구,구로5동,구로동
구로구,가리봉동,가리봉동
구로구,고척1동,고척동
구로구,고척2동,고척동
구로구,개봉1동,개봉동
구로구,개봉2동,개봉동
구로구,개봉3동,개봉동
구로구,오류1동,오류동
구로구,오류2동,오류동
구로구,항동,항동
구로구,수궁동,온수동
금천구,가산동,가산동
금천구,독산1동,독산동
금천구,독산2동,독산동
금천구,독산3동,독산동
금천구,독산4동,독산동
금천구,시흥1동,시흥동
금천구,시흥2동,시흥동
금천구,시흥3동,시흥동
금천구,시흥4동,시흥동
금천구,시흥5동,시흥동
노원구,월계1동,월계동
노원구,월계2동,월계동
노원구,월계3동,월계동
노원구,공릉1동,공릉동
노원구,공릉2동,공릉동
노원구,하계1동,하계동
노원구,하계2동,하계동
노원구,중계본동,중계동
노원구,중계1동,중계동
노원구,"중계2,3동",중계동
노원구,중계4동,중계동
노원구,상계1동,상계동
노원구,상계2동,상계동
노원구,"상계3,4동",상계동
노원구,상계5동,상계동
노원구,"상계6,7동",상계동
노원구,상계8동,상계동
노원구,상계9동,상계동
노원구,상계10동,상계동
도봉구,쌍문1동,쌍문동
도봉구,쌍문2동,쌍문동
도봉구,쌍문3동,쌍문동
도봉구,쌍문4동,쌍문동
도봉구,방학1동,방학동
도봉구,방학2동,방학동
도봉구,방학3동,방학동
도봉구,창1동,창동
도봉구,창2동,창동
도봉구,창3동,창동
도봉구,창4동,창동
도봉구,창5동,창동
도봉구,도봉1동,도봉동
도봉구,도봉2동,도봉동
동대문구,용신동,신설동
동대문구,제기동,제기동
동대문구,전농1동,전농동
동대문구,전농2동,전농동
동대문구,답십리1동,답십리동
동대문구,답십리2동,답십리동
동대문구,장안1동,장안동
동대문구,장안2동,장안동
동대문구,청량리동,청량리동
동대문구,회기동,회기동
동대문구,휘경1동,휘경동
동대문구,휘경2동,휘경동
동대문구,이문1동,이문동
동대문구,이문2동,이문동
동작구,노량진1동,노량진동
동작구,노량진2동,노량진동
동작구,상도1동,상도동
동작구,상도2동,상도동
동작구,상도3동,상도동
동작구,상도4동,상도동
동작구,흑석동,흑석동
동작구,사당1동,사당동
동작구,사당2동,사당동
동작구,사당3동,사당동
동작구,사당4동,사당동
동작구,사당5동,사당동
동작구,대방동,대방동
동작구,신대방1동,신대방동
동작구,신대방2동,신대방동
마포구,아현동,아현동
마포구,공덕동,공덕동
마포구,도화동,도화동
마포구,용강동,용강동
마포구,대흥동,대흥동
마포구,염리동,염리동
마포구,신수동,신수동
마포구,서강동,창전동
마포구,서교동,서교동
마포구,합정동,합정동
마포구,망원1동,망원동
마포구,망원2동,망원동
마포구,연남동,연남동
마포구,성산1동,성산동
마포구,성산2동,성산동
마포구,상암동,상암동
서대문구,충현동,충현동
서대문구,천연동,천연동
서대문구,북아현동,북아현동
서대문구,신촌동,신촌동
서대문구,연희동,연희동
서대문구,홍제1동,홍제동
서대문구,홍제2동,홍제동
서대문구,홍제3동,홍제동
서대문구,홍은1동,홍은동
서대문구,홍은2동,홍은동
서대문구,남가좌1동,남가좌동
서대문구,남가좌2동,남가좌동
서대문구,북가좌1동,북가좌동
서대문구,북가좌2동,북가좌동
서초구,서초1동,서초동
서초구,서초2동,서초동
서초구,서초3동,서초동
서초구,서초4동,서초동
서초구,잠원동,잠원동
서초구,반포본동,반포동
서초구,반포1동,반포동
서초구,반포2동,반포동
서초구,반포3동,잠원동
서초구,반포4동,반포동
서초구,방배본동,방배동
서초구,방배1동,방배동
서초구,방배2동,방배동
서초구,방배3동,방배동
서초구,방배4동,방배동
서초구,양재1동,양재동
서초구,양재2동,양재동
서초구,내곡동,내곡동
성동구,왕십리2동,하왕십리동
성동구,왕십리도선동,상왕십리동
성동구,마장동,마장동
성동구,사근동,사근동
성동구,행당1동,행당동
성동구,행당2동,행당동
성동구,응봉동,응봉동
성동구,금호1가동,금호동1가
성동구,"금호2,3가동",금호동2가
성동구,금호3가동,금호동3가
성동구,금호4가동,금호동4가
성동구,옥수동,옥수동
성동구,성수1가1동,성수동1가
성동구,성수1가2동,성수동1가
성동구,성수2가1동,성수동2가
성동구,성수2가3동,성수동2가
성동구,송정동,송정동
성동구,용답동,용답동
성북구,성북동,성북동
성북구,삼선동,삼선동
성북구,동선동,동선동
성북구,돈암1동,돈암동
성북구,돈암2동,돈암동
성북구,안암동,안암동
성북구,보문동,보문동
성북구,정릉1동,정릉동
성북구,정릉2동,정릉동
성북구,정릉3동,정릉동
성북구,정릉4동,정릉동
성북구,길음1동,길음동
성북구,길음2동,길음동
성북구,종암동,종암동
성북구,월곡1동,하월곡동
성북구,월곡2동,하월곡동
성북구,장위1동,장위동
성북구,장위2동,장위동
성북구,장위3동,장위동
성북구,석관동,석관동
송파구,풍납1동,풍납동
송파구,풍납2동,풍납동
송파구,거여1동,거여동
송파구,거여2동,거여동
송파구,마천1동,마천동
송파구,마천2동,마천동
송파구,방이1동,방이동
송파구,방이2동,방이동
송파구,오륜동,방이동
송파구,오금동,오금동
송파구,송파1동,송파동
송파구,송파2동,송파동
송파구,석촌동,석촌동
송파구,삼전동,삼전동
송파구,가락본동,가락동
송파구,가락1동,가락동
송파구,가락2동,가락동
송파구,문정1동,문정동
송파구,문정2동,문정동
송파구,장지동,장지동
송파구,위례동,장지동
송파구,잠실본동,잠실동
송파구,잠실2동,잠실동
송파구,잠실3동,잠실동
송파구,잠실4동,신천동
송파구,잠실6동,신천동
송파구,잠실7동,잠실동
양천구,목1동,목동
양천구,목2동,목동
양천구,목3동,목동
양천구,목4동,목동
양천구,목5동,목동
양천구,신월1동,신월동
양천구,신월2동,신월동
양천구,신월3동,신월동
양천구,신월4동,신월동
양천구,신월5동,신월동
양천구,신월6동,신월동
양천구,신월7동,신월동
양천구,신정1동,신정동
양천구,신정2동,신정동
양천구,신정3동,신정동
양천구,신정4동,신정동
양천구,신정6동,신정동
양천구,신정7동,신정동
영등포구,영등포본동,영등포동
영등포구,영등포동,영등포동
영등포구,여의동,여의도동
영등포구,당산1동,당산동
영등포구,당산2동,당산동
영등포구,도림동,도림동
영등포구,문래동,문래동
영등포구,양평1동,양평동
영등포구,양평2동,양평동
영등포구,신길1동,신길동
영등포구,신길3동,신길동
영등포구,신길4동,신길동
영등포구,신길5동,신길동
영등포구,신길6동,신길동
영등포구,신길7동,신길동
영등포구,대림1동,대림동
영등포구,대림2동,대림동
영등포구,대림3동,대림동
용산구,후암동,후암동
용산구,용산2가동,용산2가
용산구,남영동,남영동
용산구,청파동,청파동
용산구,원효로1동,원효로1동
용산구,원효로2동,원효로2동
용산구,효창동,효창동
용산구,용문동,용문동
용산구,한강로동,한강로동
용산구,이촌1동,이촌동
용산구,이촌2동,이촌동
용산구,이태원1동,이태원동
용산구,이태원2동,이태원동
용산구,한남동,한남동
용산구,서빙고동,서빙고동
용산구,보광동,보광동
은평구,녹번동,녹번동
은평구,불광1동,불광동
은평구,불광2동,불광동
은평구,갈현1동,갈현동
은평구,갈현2동,갈현동
은평구,구산동,구산동
은평구,대조동,대조동
은평구,응암1동,응암동
은평구,응암2동,응암동
은평구,응암3동,응암동
은평구,역촌동,역촌동
은평구,신사1동,신사동
은평구,신사2동,신사동
은평구,증산동,증산동
은평구,수색동,수색동
은평구,진관동,진관동
종로구,청운효자동,청운동
종로구,사직동,사직동
종로구,삼청동,삼청동
종로구,부암동,부암동
종로구,평창동,평창동
종로구,무악동,무악동
종로구,교남동,교남동
종로구,가회동,가회동
종로구,종로1가동,종로1가
종로구,종로2가동,종로2가
종로구,종로3가동,종로3가
종로구,종로4가동,종로4가
종로구,종로5가동,종로5가
종로구,종로6가동,종로6가
종로구,이화동,이화동
종로구,혜화동,혜화동
종로구,창신1동,창신동
종로구,창신2동,창신동
종로구,창신3동,창신동
종로구,숭인1동,숭인동
종로구,숭인2동,숭인동
중구,소공동,소공동
중구,회현동,회현동
중구,명동,명동
중구,필동,필동
중구,장충동,장충동
중구,광희동,광희동
중구,을지로동,을지로동
중구,신당동,신당동
중구,다산동,신당동
중구,약수동,신당동
중구,청구동,신당동
중구,신당5동,신당동
중구,동화동,신당동
중구,황학동,황학동
중구,중림동,중림동
중랑구,면목본동,면목동
중랑구,면목2동,면목동
중랑구,면목3.8동,면목동
중랑구,면목4동,면목동
중랑구,면목5동,면목동
중랑구,면목7동,면목동
중랑구,상봉1동,상봉동
중랑구,상봉2동,상봉동
중랑구,중화1동,중화동
중랑구,중화2동,중화동
중랑구,묵1동,묵동
중랑구,묵2동,묵동
중랑구,망우본동,망우동
중랑구,망우3동,망우동
중랑구,신내1동,신내동
중랑구,신내2동,신내동